timestamp,eye_rub_first_hand_report,eye_rub_first_hand_count,eye_rub_first_hand_durations,|,eye_rub_second_hand_report,eye_rub_second_hand_count,eye_rub_second_hand_durations,|,flicker_report,flicker_count,|,micro_sleep_report,micro_sleep_count,micro_sleep_durations,|,pitch_report,pitch_count,pitch_durations,|,yawn_report,yawn_count,yawn_durations
2024-08-20 20:36:45,False,0,[],|,False,0,[],|,False,0,|,True,1,['1 micro sleep: 5.0 seconds'],|,False,Counting pitches...,[],|,False,Counting yawns... 169.0 seconds remaining.,[]
2024-08-20 20:37:06,False,0,[],|,False,0,[],|,False,0,|,True,2,"['1 micro sleep: 5.0 seconds', '2 micro sleep: 8.0 seconds']",|,False,Counting pitches...,[],|,False,Counting yawns... 147.0 seconds remaining.,[]
2024-08-20 20:37:07,False,0,[],|,False,0,[],|,False,Counting flickers... 27.0 seconds remaining.,|,False,0,[],|,True,1,['1 pitch: 8.0 seconds'],|,False,Counting yawns... 147.0 seconds remaining.,[]
2024-08-20 20:37:33,False,0,[],|,False,0,[],|,True,7,|,False,0,[],|,False,Counting pitches...,[],|,False,Counting yawns... 120.0 seconds remaining.,[]
2024-08-20 20:38:33,False,0,[],|,False,0,[],|,True,27,|,False,0,[],|,False,Counting pitches...,[],|,False,Counting yawns... 61.0 seconds remaining.,[]
2024-08-20 20:39:32,False,0,[],|,False,0,[],|,True,15,|,False,0,[],|,False,Counting pitches...,[],|,False,Counting yawns... 1.0 seconds remaining.,[]
2024-08-20 20:39:33,False,0,[],|,False,0,[],|,False,Counting flickers... 59.0 seconds remaining.,|,False,0,[],|,False,Counting pitches...,[],|,True,1,['1 yawn: 5.0 seconds']
2024-08-20 20:39:52,False,0,[],|,False,0,[],|,False,0,|,True,3,"['1 micro sleep: 5.0 seconds', '2 micro sleep: 8.0 seconds', '3 micro sleep: 2.0 seconds']",|,False,Counting pitches...,[],|,False,Counting yawns... 161.0 seconds remaining.,[]
2024-08-20 20:40:03,False,0,[],|,False,0,[],|,False,0,|,True,4,"['1 micro sleep: 5.0 seconds', '2 micro sleep: 8.0 seconds', '3 micro sleep: 2.0 seconds', '4 micro sleep: 4.0 seconds']",|,False,Counting pitches...,[],|,False,Counting yawns... 151.0 seconds remaining.,[]
2024-08-20 20:40:32,False,0,[],|,False,0,[],|,True,14,|,False,0,[],|,False,Counting pitches...,[],|,False,Counting yawns... 121.0 seconds remaining.,[]
2024-08-20 20:41:32,False,0,[],|,False,0,[],|,True,12,|,False,0,[],|,False,Counting pitches...,[],|,False,Counting yawns... 62.0 seconds remaining.,[]
2024-08-20 20:41:33,True,2,"['1 right eye rub: 4.0 seconds', '2 right eye rub: 7.0 seconds']",|,True,1,['1 right eye rub: 7.0 seconds'],|,False,Counting flickers... 58.0 seconds remaining.,|,False,0,[],|,False,Counting pitches...,[],|,False,Counting yawns... 60.0 seconds remaining.,[]
2024-08-20 20:42:31,False,0,[],|,False,0,[],|,True,9,|,False,0,[],|,False,Counting pitches...,[],|,False,Counting yawns... 2.0 seconds remaining.,[]
2024-08-20 20:42:33,False,0,[],|,False,0,[],|,False,Counting flickers... 58.0 seconds remaining.,|,False,0,[],|,False,Counting pitches...,[],|,True,0,['1 yawn: 5.0 seconds']
2024-08-20 20:43:48,False,0,[],|,False,0,[],|,True,27,|,False,0,[],|,False,Counting pitches...,[],|,False,Counting yawns... 120.0 seconds remaining.,[]
2024-08-20 20:43:56,False,0,[],|,False,0,[],|,False,0,|,True,1,['1 micro sleep: 4.0 seconds'],|,False,Counting pitches...,[],|,False,Counting yawns... 112.0 seconds remaining.,[]
2024-08-20 20:44:01,False,0,[],|,False,0,[],|,False,0,|,True,2,"['1 micro sleep: 4.0 seconds', '2 micro sleep: 4.0 seconds']",|,False,Counting pitches...,[],|,False,Counting yawns... 107.0 seconds remaining.,[]
2024-08-20 20:44:09,False,0,[],|,False,0,[],|,False,0,|,True,3,"['1 micro sleep: 4.0 seconds', '2 micro sleep: 4.0 seconds', '3 micro sleep: 7.0 seconds']",|,False,Counting pitches...,[],|,False,Counting yawns... 100.0 seconds remaining.,[]
2024-08-20 20:44:09,False,0,[],|,False,0,[],|,False,Counting flickers... 39.0 seconds remaining.,|,False,0,[],|,True,1,['1 pitch: 11.0 seconds'],|,False,Counting yawns... 99.0 seconds remaining.,[]
2024-08-20 20:44:25,False,0,[],|,False,0,[],|,False,Counting flickers... 23.0 seconds remaining.,|,False,0,[],|,True,2,"['1 pitch: 11.0 seconds', '2 pitch: 9.0 seconds']",|,False,Counting yawns... 84.0 seconds remaining.,[]
2024-08-20 20:44:29,False,0,[],|,False,0,[],|,False,0,|,True,4,"['1 micro sleep: 4.0 seconds', '2 micro sleep: 4.0 seconds', '3 micro sleep: 7.0 seconds', '4 micro sleep: 3.0 seconds']",|,False,Counting pitches...,[],|,False,Counting yawns... 80.0 seconds remaining.,[]
2024-08-20 20:44:43,False,0,[],|,False,0,[],|,False,0,|,True,5,"['1 micro sleep: 4.0 seconds', '2 micro sleep: 4.0 seconds', '3 micro sleep: 7.0 seconds', '4 micro sleep: 3.0 seconds', '5 micro sleep: 2.0 seconds']",|,False,Counting pitches...,[],|,False,Counting yawns... 65.0 seconds remaining.,[]
2024-08-20 20:44:47,False,0,[],|,False,0,[],|,True,22,|,False,0,[],|,False,Counting pitches...,[],|,False,Counting yawns... 61.0 seconds remaining.,[]
2024-08-20 20:45:42,False,0,[],|,False,0,[],|,False,0,|,True,6,"['1 micro sleep: 4.0 seconds', '2 micro sleep: 4.0 seconds', '3 micro sleep: 7.0 seconds', '4 micro sleep: 3.0 seconds', '5 micro sleep: 2.0 seconds', '6 micro sleep: 5.0 seconds']",|,False,Counting pitches...,[],|,False,Counting yawns... 6.0 seconds remaining.,[]
2024-08-20 20:45:47,False,0,[],|,False,0,[],|,True,21,|,False,0,[],|,False,Counting pitches...,[],|,False,Counting yawns... 1.0 seconds remaining.,[]
2024-08-20 20:45:48,False,0,[],|,False,0,[],|,False,Counting flickers... 59.0 seconds remaining.,|,False,0,[],|,False,Counting pitches...,[],|,True,2,"['1 yawn: 8.0 seconds', '2 yawn: 7.0 seconds']"
2024-08-20 20:45:48,False,0,[],|,False,0,[],|,False,0,|,True,7,"['1 micro sleep: 4.0 seconds', '2 micro sleep: 4.0 seconds', '3 micro sleep: 7.0 seconds', '4 micro sleep: 3.0 seconds', '5 micro sleep: 2.0 seconds', '6 micro sleep: 5.0 seconds', '7 micro sleep: 4.0 seconds']",|,False,Counting pitches...,[],|,False,Counting yawns... 180.0 seconds remaining.,[]
2024-08-20 20:45:48,False,0,[],|,False,0,[],|,False,Counting flickers... 59.0 seconds remaining.,|,False,0,[],|,True,3,"['1 pitch: 11.0 seconds', '2 pitch: 9.0 seconds', '3 pitch: 4.0 seconds']",|,False,Counting yawns... 180.0 seconds remaining.,[]
2024-08-20 20:45:59,False,0,[],|,False,0,[],|,False,Counting flickers... 48.0 seconds remaining.,|,False,0,[],|,True,4,"['1 pitch: 11.0 seconds', '2 pitch: 9.0 seconds', '3 pitch: 4.0 seconds', '4 pitch: 8.0 seconds']",|,False,Counting yawns... 169.0 seconds remaining.,[]
2024-08-20 20:46:47,False,0,[],|,False,0,[],|,True,30,|,False,0,[],|,False,Counting pitches...,[],|,False,Counting yawns... 121.0 seconds remaining.,[]
2024-08-20 20:47:28,False,0,[],|,False,0,[],|,False,0,|,True,8,"['1 micro sleep: 4.0 seconds', '2 micro sleep: 4.0 seconds', '3 micro sleep: 7.0 seconds', '4 micro sleep: 3.0 seconds', '5 micro sleep: 2.0 seconds', '6 micro sleep: 5.0 seconds', '7 micro sleep: 4.0 seconds', '8 micro sleep: 2.0 seconds']",|,False,Counting pitches...,[],|,False,Counting yawns... 80.0 seconds remaining.,[]
2024-08-20 20:47:31,False,0,[],|,False,0,[],|,False,0,|,True,9,"['1 micro sleep: 4.0 seconds', '2 micro sleep: 4.0 seconds', '3 micro sleep: 7.0 seconds', '4 micro sleep: 3.0 seconds', '5 micro sleep: 2.0 seconds', '6 micro sleep: 5.0 seconds', '7 micro sleep: 4.0 seconds', '8 micro sleep: 2.0 seconds', '9 micro sleep: 2.0 seconds']",|,False,Counting pitches...,[],|,False,Counting yawns... 76.0 seconds remaining.,[]
2024-08-20 20:47:46,False,0,[],|,False,0,[],|,True,32,|,False,0,[],|,False,Counting pitches...,[],|,False,Counting yawns... 62.0 seconds remaining.,[]
2024-08-20 20:47:48,True,1,['1 right eye rub: 2.0 seconds'],|,True,0,[],|,False,Counting flickers... 58.0 seconds remaining.,|,False,0,[],|,False,Counting pitches...,[],|,False,Counting yawns... 60.0 seconds remaining.,[]
2024-08-20 20:47:58,False,0,[],|,False,0,[],|,False,0,|,True,10,"['1 micro sleep: 4.0 seconds', '2 micro sleep: 4.0 seconds', '3 micro sleep: 7.0 seconds', '4 micro sleep: 3.0 seconds', '5 micro sleep: 2.0 seconds', '6 micro sleep: 5.0 seconds', '7 micro sleep: 4.0 seconds', '8 micro sleep: 2.0 seconds', '9 micro sleep: 2.0 seconds', '10 micro sleep: 2.0 seconds']",|,False,Counting pitches...,[],|,False,Counting yawns... 50.0 seconds remaining.,[]
2024-08-20 20:48:03,False,0,[],|,False,0,[],|,False,0,|,True,11,"['1 micro sleep: 4.0 seconds', '2 micro sleep: 4.0 seconds', '3 micro sleep: 7.0 seconds', '4 micro sleep: 3.0 seconds', '5 micro sleep: 2.0 seconds', '6 micro sleep: 5.0 seconds', '7 micro sleep: 4.0 seconds', '8 micro sleep: 2.0 seconds', '9 micro sleep: 2.0 seconds', '10 micro sleep: 2.0 seconds', '11 micro sleep: 3.0 seconds']",|,False,Counting pitches...,[],|,False,Counting yawns... 45.0 seconds remaining.,[]
2024-08-20 20:48:30,False,0,[],|,False,0,[],|,False,0,|,True,12,"['1 micro sleep: 4.0 seconds', '2 micro sleep: 4.0 seconds', '3 micro sleep: 7.0 seconds', '4 micro sleep: 3.0 seconds', '5 micro sleep: 2.0 seconds', '6 micro sleep: 5.0 seconds', '7 micro sleep: 4.0 seconds', '8 micro sleep: 2.0 seconds', '9 micro sleep: 2.0 seconds', '10 micro sleep: 2.0 seconds', '11 micro sleep: 3.0 seconds', '12 micro sleep: 4.0 seconds']",|,False,Counting pitches...,[],|,False,Counting yawns... 18.0 seconds remaining.,[]
2024-08-20 20:48:30,False,0,[],|,False,0,[],|,False,Counting flickers... 16.0 seconds remaining.,|,False,0,[],|,True,5,"['1 pitch: 11.0 seconds', '2 pitch: 9.0 seconds', '3 pitch: 4.0 seconds', '4 pitch: 8.0 seconds', '5 pitch: 4.0 seconds']",|,False,Counting yawns... 17.0 seconds remaining.,[]
2024-08-20 20:48:36,False,0,[],|,False,0,[],|,False,Counting flickers... 10.0 seconds remaining.,|,False,0,[],|,True,6,"['1 pitch: 11.0 seconds', '2 pitch: 9.0 seconds', '3 pitch: 4.0 seconds', '4 pitch: 8.0 seconds', '5 pitch: 4.0 seconds', '6 pitch: 4.0 seconds']",|,False,Counting yawns... 12.0 seconds remaining.,[]
2024-08-20 21:41:39,False,0,[],|,False,0,[],|,True,28,|,False,0,[],|,False,Counting pitches...,[],|,False,Counting yawns... 120.0 seconds remaining.,[]
2024-08-20 21:41:42,False,0,[],|,False,0,[],|,False,0,|,True,1,['1 micro sleep: 5.0 seconds'],|,False,Counting pitches...,[],|,False,Counting yawns... 117.0 seconds remaining.,[]
2024-08-20 21:41:47,False,0,[],|,False,0,[],|,False,0,|,True,2,"['1 micro sleep: 5.0 seconds', '2 micro sleep: 4.0 seconds']",|,False,Counting pitches...,[],|,False,Counting yawns... 112.0 seconds remaining.,[]
2024-08-20 21:41:55,False,0,[],|,False,0,[],|,False,0,|,True,3,"['1 micro sleep: 5.0 seconds', '2 micro sleep: 4.0 seconds', '3 micro sleep: 7.0 seconds']",|,False,Counting pitches...,[],|,False,Counting yawns... 104.0 seconds remaining.,[]
2024-08-20 21:41:56,False,0,[],|,False,0,[],|,False,Counting flickers... 44.0 seconds remaining.,|,False,0,[],|,True,1,['1 pitch: 12.0 seconds'],|,False,Counting yawns... 104.0 seconds remaining.,[]
2024-08-20 21:42:12,False,0,[],|,False,0,[],|,False,Counting flickers... 27.0 seconds remaining.,|,False,0,[],|,True,2,"['1 pitch: 12.0 seconds', '2 pitch: 9.0 seconds']",|,False,Counting yawns... 88.0 seconds remaining.,[]
2024-11-11 20:58:47,False,0,[],|,False,0,[],|,False,0,|,True,1,['1 micro sleep: 4.0 seconds'],|,False,Counting pitches...,[],|,False,Counting yawns... 154.0 seconds remaining.,[]
2024-11-11 20:58:48,False,0,[],|,False,0,[],|,False,Counting flickers... 34.0 seconds remaining.,|,False,0,[],|,True,1,['1 pitch: 4.0 seconds'],|,False,Counting yawns... 154.0 seconds remaining.,[]
2024-11-11 21:02:30,False,0,[],|,False,0,[],|,False,0,|,True,1,['1 micro sleep: 4.0 seconds'],|,False,Counting pitches...,[],|,False,Counting yawns... 147.0 seconds remaining.,[]
2024-11-11 21:02:42,False,0,[],|,False,0,[],|,False,0,|,True,2,"['1 micro sleep: 4.0 seconds', '2 micro sleep: 4.0 seconds']",|,False,Counting pitches...,[],|,False,Counting yawns... 136.0 seconds remaining.,[]
2024-11-11 21:02:42,False,0,[],|,False,0,[],|,False,Counting flickers... 16.0 seconds remaining.,|,False,0,[],|,True,1,['1 pitch: 4.0 seconds'],|,False,Counting yawns... 136.0 seconds remaining.,[]
2024-11-12 10:41:29,False,0,[],|,False,0,[],|,False,0,|,True,1,['1 micro sleep: 4.0 seconds'],|,False,Counting pitches...,[],|,False,Counting yawns... 160.0 seconds remaining.,[]
2024-11-12 10:41:37,False,0,[],|,False,0,[],|,False,0,|,True,2,"['1 micro sleep: 4.0 seconds', '2 micro sleep: 6.0 seconds']",|,False,Counting pitches...,[],|,False,Counting yawns... 152.0 seconds remaining.,[]
2024-11-12 10:41:37,False,0,[],|,False,0,[],|,False,Counting flickers... 32.0 seconds remaining.,|,False,0,[],|,True,1,['1 pitch: 7.0 seconds'],|,False,Counting yawns... 152.0 seconds remaining.,[]
2024-12-06 18:58:48,False,0,[],|,False,0,[],|,False,0,|,True,1,['1 micro sleep: 2.0 seconds'],|,False,Counting pitches...,[],|,False,Counting yawns... 127.0 seconds remaining.,[]
2024-12-06 18:58:55,False,0,[],|,False,0,[],|,True,3,|,False,0,[],|,False,Counting pitches...,[],|,False,Counting yawns... 120.0 seconds remaining.,[]
2024-12-06 18:58:55,False,0,[],|,False,0,[],|,False,0,|,True,2,"['1 micro sleep: 2.0 seconds', '2 micro sleep: 4.0 seconds']",|,False,Counting pitches...,[],|,False,Counting yawns... 120.0 seconds remaining.,[]
2024-12-06 18:58:56,False,0,[],|,False,0,[],|,False,Counting flickers... 59.0 seconds remaining.,|,False,0,[],|,True,1,['1 pitch: 4.0 seconds'],|,False,Counting yawns... 120.0 seconds remaining.,[]
2024-12-07 12:19:34,False,0,[],|,False,0,[],|,True,1,|,False,0,[],|,False,Counting pitches...,[],|,False,Counting yawns... 120.0 seconds remaining.,[]
2024-12-07 12:25:58,True,1,['1 right eye rub: 2.0 seconds'],|,True,0,[],|,True,1,|,False,0,[],|,False,Counting pitches...,[],|,True,0,[]
2026-09-18 19:57:41,False,0,[],|,False,0,[],|,False,Counting flickers... 6.0 seconds remaining.,|,False,0,[],|,True,1,['1 pitch: 25.0 seconds'],|,False,Counting yawns... 126.0 seconds remaining.,[]
2026-09-18 19:57:47,False,0,[],|,False,0,[],|,True,9,|,False,0,[],|,False,Counting pitches...,[],|,False,Counting yawns... 120.0 seconds remaining.,[]
2026-09-18 19:57:57,False,0,[],|,False,0,[],|,False,Counting flickers... 50.0 seconds remaining.,|,False,0,[],|,True,2,"['1 pitch: 25.0 seconds', '2 pitch: 4.0 seconds']",|,False,Counting yawns... 110.0 seconds remaining.,[]
2026-09-18 20:58:08,False,0,[],|,False,0,[],|,False,Counting flickers... 51.0 seconds remaining.,|,False,0,[],|,False,Counting pitches...,[],|,False,Counting yawns... 171.0 seconds remaining.,[],|,True,1,['1 phone visible: 1.0 seconds'],False
2026-09-18 20:58:18,False,0,[],|,False,0,[],|,False,Counting flickers... 40.0 seconds remaining.,|,False,0,[],|,False,Counting pitches...,[],|,False,Counting yawns... 160.0 seconds remaining.,[],|,True,2,"['1 phone visible: 1.0 seconds', '2 phone visible: 1.0 seconds']",False
2026-09-18 20:58:33,False,0,[],|,False,0,[],|,False,Counting flickers... 26.0 seconds remaining.,|,False,0,[],|,False,Counting pitches...,[],|,False,Counting yawns... 146.0 seconds remaining.,[],|,True,3,"['1 phone visible: 1.0 seconds', '2 phone visible: 1.0 seconds', '3 phone visible: 3.0 seconds']",False
2026-09-18 20:58:41,False,0,[],|,False,0,[],|,False,Counting flickers... 18.0 seconds remaining.,|,False,0,[],|,True,1,['1 pitch: 25.0 seconds'],|,False,Counting yawns... 138.0 seconds remaining.,[],|,False,0,[],False
2026-09-18 20:58:51,False,0,[],|,False,0,[],|,False,Counting flickers... 7.0 seconds remaining.,|,False,0,[],|,False,Counting pitches...,[],|,False,Counting yawns... 127.0 seconds remaining.,[],|,True,4,"['1 phone visible: 1.0 seconds', '2 phone visible: 1.0 seconds', '3 phone visible: 3.0 seconds', '4 phone visible: 1.0 seconds']",False
2026-09-18 20:58:55,False,0,[],|,False,0,[],|,False,Counting flickers... 4.0 seconds remaining.,|,False,0,[],|,True,2,"['1 pitch: 25.0 seconds', '2 pitch: 7.0 seconds']",|,False,Counting yawns... 124.0 seconds remaining.,[],|,False,0,[],False
2026-09-18 20:58:59,False,0,[],|,False,0,[],|,True,1,|,False,0,[],|,False,Counting pitches...,[],|,False,Counting yawns... 120.0 seconds remaining.,[],|,False,0,[],False
2026-09-18 20:59:03,False,0,[],|,False,0,[],|,False,Counting flickers... 56.0 seconds remaining.,|,False,0,[],|,True,3,"['1 pitch: 25.0 seconds', '2 pitch: 7.0 seconds', '3 pitch: 3.0 seconds']",|,False,Counting yawns... 116.0 seconds remaining.,[],|,False,0,[],False
2026-09-18 20:59:11,False,0,[],|,False,0,[],|,False,Counting flickers... 48.0 seconds remaining.,|,False,0,[],|,True,4,"['1 pitch: 25.0 seconds', '2 pitch: 7.0 seconds', '3 pitch: 3.0 seconds', '4 pitch: 3.0 seconds']",|,False,Counting yawns... 108.0 seconds remaining.,[],|,False,0,[],False
2026-09-18 20:59:12,False,0,[],|,False,0,[],|,False,Counting flickers... 47.0 seconds remaining.,|,False,0,[],|,False,Counting pitches...,[],|,False,Counting yawns... 107.0 seconds remaining.,[],|,True,5,"['1 phone visible: 1.0 seconds', '2 phone visible: 1.0 seconds', '3 phone visible: 3.0 seconds', '4 phone visible: 1.0 seconds', '5 phone visible: 2.0 seconds']",False
2026-09-18 20:59:14,False,0,[],|,False,0,[],|,False,Counting flickers... 44.0 seconds remaining.,|,False,0,[],|,False,Counting pitches...,[],|,False,Counting yawns... 105.0 seconds remaining.,[],|,True,6,"['1 phone visible: 1.0 seconds', '2 phone visible: 1.0 seconds', '3 phone visible: 3.0 seconds', '4 phone visible: 1.0 seconds', '5 phone visible: 2.0 seconds', '6 phone visible: 2.0 seconds']",False
2026-09-18 20:59:18,False,0,[],|,False,0,[],|,False,Counting flickers... 41.0 seconds remaining.,|,False,0,[],|,False,Counting pitches...,[],|,False,Counting yawns... 101.0 seconds remaining.,[],|,True,7,"['1 phone visible: 1.0 seconds', '2 phone visible: 1.0 seconds', '3 phone visible: 3.0 seconds', '4 phone visible: 1.0 seconds', '5 phone visible: 2.0 seconds', '6 phone visible: 2.0 seconds', '7 phone visible: 1.0 seconds']",False
2026-09-18 20:59:36,False,0,[],|,False,0,[],|,False,Counting flickers... 54.0 seconds remaining.,|,False,0,[],|,False,Counting pitches...,[],|,False,Counting yawns... 174.0 seconds remaining.,[],|,True,1,['1 possible call: 1.0 seconds'],True
2026-09-18 20:59:46,False,0,[],|,False,0,[],|,False,Counting flickers... 45.0 seconds remaining.,|,False,0,[],|,False,Counting pitches...,[],|,False,Counting yawns... 165.0 seconds remaining.,[],|,True,2,"['1 possible call: 1.0 seconds', '2 phone visible: 3.0 seconds']",False
2026-09-18 20:59:47,False,0,[],|,False,0,[],|,False,Counting flickers... 43.0 seconds remaining.,|,False,0,[],|,False,Counting pitches...,[],|,False,Counting yawns... 163.0 seconds remaining.,[],|,True,3,"['1 possible call: 1.0 seconds', '2 phone visible: 3.0 seconds', '3 phone visible: 1.0 seconds']",False
2026-09-18 20:59:49,False,0,[],|,False,0,[],|,False,Counting flickers... 41.0 seconds remaining.,|,False,0,[],|,False,Counting pitches...,[],|,False,Counting yawns... 161.0 seconds remaining.,[],|,True,4,"['1 possible call: 1.0 seconds', '2 phone visible: 3.0 seconds', '3 phone visible: 1.0 seconds', '4 phone visible: 2.0 seconds']",False
2026-09-18 21:00:00,False,0,[],|,False,0,[],|,False,Counting flickers... 30.0 seconds remaining.,|,False,0,[],|,False,Counting pitches...,[],|,False,Counting yawns... 150.0 seconds remaining.,[],|,True,5,"['1 possible call: 1.0 seconds', '2 phone visible: 3.0 seconds', '3 phone visible: 1.0 seconds', '4 phone visible: 2.0 seconds', '5 phone visible: 1.0 seconds']",False
2026-09-18 21:00:26,False,0,[],|,False,0,[],|,False,Counting flickers... 5.0 seconds remaining.,|,False,0,[],|,True,1,['1 pitch: 22.0 seconds'],|,False,Counting yawns... 125.0 seconds remaining.,[],|,False,0,[],False
2026-09-18 21:00:31,False,0,[],|,False,0,[],|,True,0,|,False,0,[],|,False,Counting pitches...,[],|,False,Counting yawns... 120.0 seconds remaining.,[],|,False,0,[],False
2026-09-18 21:09:24,False,0,[],|,False,0,[],|,False,Counting flickers... 46.0 seconds remaining.,|,False,0,[],|,True,1,['1 pitch: 3.0 seconds'],|,False,Counting yawns... 166.0 seconds remaining.,[],|,False,0,[],False
2026-09-18 21:09:25,False,0,[],|,False,0,[],|,False,Counting flickers... 44.0 seconds remaining.,|,False,0,[],|,False,Counting pitches...,[],|,False,Counting yawns... 164.0 seconds remaining.,[],|,True,1,['1 possible call: 1.0 seconds'],True
2026-09-18 21:09:38,False,0,[],|,False,0,[],|,False,Counting flickers... 32.0 seconds remaining.,|,False,0,[],|,False,Counting pitches...,[],|,False,Counting yawns... 152.0 seconds remaining.,[],|,True,2,"['1 possible call: 1.0 seconds', '2 possible call: 1.0 seconds']",True
2026-09-18 21:09:45,False,0,[],|,False,0,[],|,False,Counting flickers... 25.0 seconds remaining.,|,False,0,[],|,True,2,"['1 pitch: 3.0 seconds', '2 pitch: 6.0 seconds']",|,False,Counting yawns... 145.0 seconds remaining.,[],|,False,0,[],False
2026-09-18 21:09:49,False,0,[],|,False,0,[],|,False,Counting flickers... 20.0 seconds remaining.,|,False,0,[],|,False,Counting pitches...,[],|,False,Counting yawns... 140.0 seconds remaining.,[],|,True,3,"['1 possible call: 1.0 seconds', '2 possible call: 1.0 seconds', '3 phone visible: 1.0 seconds']",False
2026-09-18 21:10:09,False,0,[],|,False,0,[],|,True,2,|,False,0,[],|,False,Counting pitches...,[],|,False,Counting yawns... 120.0 seconds remaining.,[],|,False,0,[],False
2026-09-18 21:10:57,False,0,[],|,False,0,[],|,False,0,|,True,1,['1 micro sleep: 3.0 seconds'],|,False,Counting pitches...,[],|,False,Counting yawns... 72.0 seconds remaining.,[],|,False,0,[],False
2026-09-18 21:10:59,False,0,[],|,False,0,[],|,False,Counting flickers... 10.0 seconds remaining.,|,False,0,[],|,True,3,"['1 pitch: 3.0 seconds', '2 pitch: 6.0 seconds', '3 pitch: 4.0 seconds']",|,False,Counting yawns... 71.0 seconds remaining.,[],|,False,0,[],False
2026-09-18 21:11:04,False,0,[],|,False,0,[],|,False,Counting flickers... 4.0 seconds remaining.,|,False,0,[],|,False,Counting pitches...,[],|,False,Counting yawns... 65.0 seconds remaining.,[],|,True,4,"['1 possible call: 1.0 seconds', '2 possible call: 1.0 seconds', '3 phone visible: 1.0 seconds', '4 phone visible: 1.0 seconds']",False
2026-09-18 21:11:08,False,0,[],|,False,0,[],|,False,Counting flickers... 1.0 seconds remaining.,|,False,0,[],|,False,Counting pitches...,[],|,False,Counting yawns... 61.0 seconds remaining.,[],|,True,5,"['1 possible call: 1.0 seconds', '2 possible call: 1.0 seconds', '3 phone visible: 1.0 seconds', '4 phone visible: 1.0 seconds', '5 phone visible: 1.0 seconds']",False
2026-09-18 21:11:09,False,0,[],|,False,0,[],|,True,6,|,False,0,[],|,False,Counting pitches...,[],|,False,Counting yawns... 61.0 seconds remaining.,[],|,False,0,[],False
2026-09-18 21:11:10,False,0,[],|,False,0,[],|,False,Counting flickers... 59.0 seconds remaining.,|,False,0,[],|,False,Counting pitches...,[],|,False,Counting yawns... 60.0 seconds remaining.,[],|,True,6,"['1 possible call: 1.0 seconds', '2 possible call: 1.0 seconds', '3 phone visible: 1.0 seconds', '4 phone visible: 1.0 seconds', '5 phone visible: 1.0 seconds', '6 phone visible: 1.0 seconds']",False
2026-09-18 21:11:12,False,0,[],|,False,0,[],|,False,Counting flickers... 57.0 seconds remaining.,|,False,0,[],|,False,Counting pitches...,[],|,False,Counting yawns... 57.0 seconds remaining.,[],|,True,7,"['1 possible call: 1.0 seconds', '2 possible call: 1.0 seconds', '3 phone visible: 1.0 seconds', '4 phone visible: 1.0 seconds', '5 phone visible: 1.0 seconds', '6 phone visible: 1.0 seconds', '7 phone visible: 1.0 seconds']",False
2026-09-18 21:11:15,False,0,[],|,False,0,[],|,False,Counting flickers... 53.0 seconds remaining.,|,False,0,[],|,False,Counting pitches...,[],|,False,Counting yawns... 54.0 seconds remaining.,[],|,True,8,"['1 possible call: 1.0 seconds', '2 possible call: 1.0 seconds', '3 phone visible: 1.0 seconds', '4 phone visible: 1.0 seconds', '5 phone visible: 1.0 seconds', '6 phone visible: 1.0 seconds', '7 phone visible: 1.0 seconds', '8 possible call: 3.0 seconds']",True
2026-09-19 11:53:18,False,0,[],|,False,0,[],|,False,Counting flickers... 50.0 seconds remaining.,|,False,0,[],|,False,Counting pitches...,[],|,False,Counting yawns... 170.0 seconds remaining.,[],|,True,1,['1 possible call: 1.0 seconds'],True
2026-09-19 11:53:21,False,0,[],|,False,0,[],|,False,0,|,False,0,[],|,False,0,[],|,False,0,[],|,True,2,"['1 possible call: 1.0 seconds', '2 possible call: 2.0 seconds']",True
2026-09-19 11:53:24,False,0,[],|,False,0,[],|,False,0,|,False,0,[],|,False,0,[],|,False,0,[],|,True,3,"['1 possible call: 1.0 seconds', '2 possible call: 2.0 seconds', '3 phone visible: 1.0 seconds']",False
2026-09-19 11:53:36,False,0,[],|,False,0,[],|,False,Counting flickers... 33.0 seconds remaining.,|,False,0,[],|,True,1,['1 pitch: 6.0 seconds'],|,False,Counting yawns... 153.0 seconds remaining.,[],|,False,0,[],False
2026-09-19 11:53:42,False,0,[],|,False,0,[],|,False,Counting flickers... 26.0 seconds remaining.,|,False,0,[],|,False,Counting pitches...,[],|,False,Counting yawns... 146.0 seconds remaining.,[],|,True,4,"['1 possible call: 1.0 seconds', '2 possible call: 2.0 seconds', '3 phone visible: 1.0 seconds', '4 phone visible: 1.0 seconds']",False
2026-09-19 11:53:43,False,0,[],|,False,0,[],|,False,Counting flickers... 25.0 seconds remaining.,|,False,0,[],|,False,Counting pitches...,[],|,False,Counting yawns... 145.0 seconds remaining.,[],|,True,5,"['1 possible call: 1.0 seconds', '2 possible call: 2.0 seconds', '3 phone visible: 1.0 seconds', '4 phone visible: 1.0 seconds', '5 phone visible: 1.0 seconds']",False
2026-09-19 11:53:47,False,0,[],|,False,0,[],|,False,Counting flickers... 21.0 seconds remaining.,|,False,0,[],|,False,Counting pitches...,[],|,False,Counting yawns... 141.0 seconds remaining.,[],|,True,6,"['1 possible call: 1.0 seconds', '2 possible call: 2.0 seconds', '3 phone visible: 1.0 seconds', '4 phone visible: 1.0 seconds', '5 phone visible: 1.0 seconds', '6 phone visible: 1.0 seconds']",False
2026-09-19 11:53:57,False,0,[],|,False,0,[],|,False,Counting flickers... 12.0 seconds remaining.,|,False,0,[],|,False,Counting pitches...,[],|,False,Counting yawns... 132.0 seconds remaining.,[],|,True,7,"['1 possible call: 1.0 seconds', '2 possible call: 2.0 seconds', '3 phone visible: 1.0 seconds', '4 phone visible: 1.0 seconds', '5 phone visible: 1.0 seconds', '6 phone visible: 1.0 seconds', '7 phone visible: 1.0 seconds']",False
2026-09-19 11:54:07,False,0,[],|,False,0,[],|,False,Counting flickers... 2.0 seconds remaining.,|,False,0,[],|,False,Counting pitches...,[],|,False,Counting yawns... 122.0 seconds remaining.,[],|,True,8,"['1 possible call: 1.0 seconds', '2 possible call: 2.0 seconds', '3 phone visible: 1.0 seconds', '4 phone visible: 1.0 seconds', '5 phone visible: 1.0 seconds', '6 phone visible: 1.0 seconds', '7 phone visible: 1.0 seconds', '8 possible call: 4.0 seconds']",True
2026-09-19 11:54:08,False,0,[],|,False,0,[],|,True,2,|,False,0,[],|,False,Counting pitches...,[],|,False,Counting yawns... 120.0 seconds remaining.,[],|,False,0,[],False
2026-09-19 11:54:18,False,0,[],|,False,0,[],|,False,0,|,True,1,['1 micro sleep: 12.0 seconds'],|,False,Counting pitches...,[],|,False,Counting yawns... 110.0 seconds remaining.,[],|,False,0,[],False
2026-09-19 11:54:25,False,0,[],|,False,0,[],|,False,0,|,True,2,"['1 micro sleep: 12.0 seconds', '2 micro sleep: 4.0 seconds']",|,False,Counting pitches...,[],|,False,Counting yawns... 104.0 seconds remaining.,[],|,False,0,[],False
2026-09-19 11:54:25,False,0,[],|,False,0,[],|,False,Counting flickers... 43.0 seconds remaining.,|,False,0,[],|,True,2,"['1 pitch: 6.0 seconds', '2 pitch: 17.0 seconds']",|,False,Counting yawns... 104.0 seconds remaining.,[],|,False,0,[],False
2026-09-19 11:54:27,False,0,[],|,False,0,[],|,False,Counting flickers... 42.0 seconds remaining.,|,False,0,[],|,False,Counting pitches...,[],|,False,Counting yawns... 102.0 seconds remaining.,[],|,True,9,"['1 possible call: 1.0 seconds', '2 possible call: 2.0 seconds', '3 phone visible: 1.0 seconds', '4 phone visible: 1.0 seconds', '5 phone visible: 1.0 seconds', '6 phone visible: 1.0 seconds', '7 phone visible: 1.0 seconds', '8 possible call: 4.0 seconds', '9 phone visible: 1.0 seconds']",False
2026-09-19 18:20:25,False,0,[],|,False,0,[],|,False,0,|,True,1,['1 micro sleep: 2.0 seconds'],|,False,Counting pitches...,[],|,False,Counting yawns... 166.0 seconds remaining.,[],|,False,0,[],False
2026-09-19 18:20:30,False,0,[],|,False,0,[],|,False,Counting flickers... 41.0 seconds remaining.,|,False,0,[],|,True,1,['1 pitch: 6.0 seconds'],|,False,Counting yawns... 161.0 seconds remaining.,[],|,False,0,[],False
2026-09-19 18:20:45,False,0,[],|,False,0,[],|,False,Counting flickers... 26.0 seconds remaining.,|,False,0,[],|,False,Counting pitches...,[],|,False,Counting yawns... 146.0 seconds remaining.,[],|,True,1,['1 phone visible: 3.0 seconds'],False
2026-09-19 18:20:46,False,0,[],|,False,0,[],|,False,Counting flickers... 25.0 seconds remaining.,|,False,0,[],|,False,Counting pitches...,[],|,False,Counting yawns... 145.0 seconds remaining.,[],|,True,2,"['1 phone visible: 3.0 seconds', '2 possible call: 1.0 seconds']",True
2026-09-19 18:20:51,False,0,[],|,False,0,[],|,False,Counting flickers... 20.0 seconds remaining.,|,False,0,[],|,False,Counting pitches...,[],|,False,Counting yawns... 140.0 seconds remaining.,[],|,True,3,"['1 phone visible: 3.0 seconds', '2 possible call: 1.0 seconds', '3 phone visible: 1.0 seconds']",False
2026-09-19 18:20:56,False,0,[],|,False,0,[],|,False,Counting flickers... 15.0 seconds remaining.,|,False,0,[],|,False,Counting pitches...,[],|,False,Counting yawns... 135.0 seconds remaining.,[],|,True,4,"['1 phone visible: 3.0 seconds', '2 possible call: 1.0 seconds', '3 phone visible: 1.0 seconds', '4 phone visible: 3.0 seconds']",False
2026-09-19 18:21:01,False,0,[],|,False,0,[],|,False,Counting flickers... 10.0 seconds remaining.,|,False,0,[],|,False,Counting pitches...,[],|,False,Counting yawns... 130.0 seconds remaining.,[],|,True,5,"['1 phone visible: 3.0 seconds', '2 possible call: 1.0 seconds', '3 phone visible: 1.0 seconds', '4 phone visible: 3.0 seconds', '5 phone visible: 1.0 seconds']",False
2026-09-19 18:21:02,False,0,[],|,False,0,[],|,False,Counting flickers... 9.0 seconds remaining.,|,False,0,[],|,False,Counting pitches...,[],|,False,Counting yawns... 129.0 seconds remaining.,[],|,True,6,"['1 phone visible: 3.0 seconds', '2 possible call: 1.0 seconds', '3 phone visible: 1.0 seconds', '4 phone visible: 3.0 seconds', '5 phone visible: 1.0 seconds', '6 possible call: 1.0 seconds']",True
2026-09-19 18:21:03,False,0,[],|,False,0,[],|,False,Counting flickers... 8.0 seconds remaining.,|,False,0,[],|,False,Counting pitches...,[],|,False,Counting yawns... 128.0 seconds remaining.,[],|,True,7,"['1 phone visible: 3.0 seconds', '2 possible call: 1.0 seconds', '3 phone visible: 1.0 seconds', '4 phone visible: 3.0 seconds', '5 phone visible: 1.0 seconds', '6 possible call: 1.0 seconds', '7 possible call: 1.0 seconds']",True
2026-09-19 18:21:07,False,0,[],|,False,0,[],|,False,0,|,True,2,"['1 micro sleep: 2.0 seconds', '2 micro sleep: 5.0 seconds']",|,False,Counting pitches...,[],|,False,Counting yawns... 124.0 seconds remaining.,[],|,False,0,[],False
2026-09-19 18:21:11,False,0,[],|,False,0,[],|,True,6,|,False,0,[],|,False,Counting pitches...,[],|,False,Counting yawns... 120.0 seconds remaining.,[],|,False,0,[],False
2026-09-19 18:21:27,False,0,[],|,False,0,[],|,False,Counting flickers... 44.0 seconds remaining.,|,False,0,[],|,False,Counting pitches...,[],|,False,Counting yawns... 104.0 seconds remaining.,[],|,True,8,"['1 phone visible: 3.0 seconds', '2 possible call: 1.0 seconds', '3 phone visible: 1.0 seconds', '4 phone visible: 3.0 seconds', '5 phone visible: 1.0 seconds', '6 possible call: 1.0 seconds', '7 possible call: 1.0 seconds', '8 possible call: 1.0 seconds']",True
2026-09-19 18:21:37,False,0,[],|,False,0,[],|,False,Counting flickers... 33.0 seconds remaining.,|,False,0,[],|,False,Counting pitches...,[],|,False,Counting yawns... 94.0 seconds remaining.,[],|,True,9,"['1 phone visible: 3.0 seconds', '2 possible call: 1.0 seconds', '3 phone visible: 1.0 seconds', '4 phone visible: 3.0 seconds', '5 phone visible: 1.0 seconds', '6 possible call: 1.0 seconds', '7 possible call: 1.0 seconds', '8 possible call: 1.0 seconds', '9 phone visible: 1.0 seconds']",False
2026-09-19 18:21:39,False,0,[],|,False,0,[],|,False,0,|,True,3,"['1 micro sleep: 2.0 seconds', '2 micro sleep: 5.0 seconds', '3 micro sleep: 4.0 seconds']",|,False,Counting pitches...,[],|,False,Counting yawns... 92.0 seconds remaining.,[],|,False,0,[],False
2026-09-19 18:21:40,False,0,[],|,False,0,[],|,False,Counting flickers... 31.0 seconds remaining.,|,False,0,[],|,True,2,"['1 pitch: 6.0 seconds', '2 pitch: 3.0 seconds']",|,False,Counting yawns... 92.0 seconds remaining.,[],|,False,0,[],False
2026-09-19 18:21:50,False,0,[],|,False,0,[],|,False,0,|,True,4,"['1 micro sleep: 2.0 seconds', '2 micro sleep: 5.0 seconds', '3 micro sleep: 4.0 seconds', '4 micro sleep: 4.0 seconds']",|,False,Counting pitches...,[],|,False,Counting yawns... 81.0 seconds remaining.,[],|,False,0,[],False
2026-09-19 18:21:51,False,0,[],|,False,0,[],|,False,Counting flickers... 20.0 seconds remaining.,|,False,0,[],|,True,3,"['1 pitch: 6.0 seconds', '2 pitch: 3.0 seconds', '3 pitch: 5.0 seconds']",|,False,Counting yawns... 80.0 seconds remaining.,[],|,False,0,[],False
2026-09-19 18:22:05,False,0,[],|,False,0,[],|,False,Counting flickers... 6.0 seconds remaining.,|,False,0,[],|,True,4,"['1 pitch: 6.0 seconds', '2 pitch: 3.0 seconds', '3 pitch: 5.0 seconds', '4 pitch: 4.0 seconds']",|,False,Counting yawns... 66.0 seconds remaining.,[],|,False,0,[],False
2026-09-19 18:22:10,False,0,[],|,False,0,[],|,True,9,|,False,0,[],|,False,Counting pitches...,[],|,False,Counting yawns... 61.0 seconds remaining.,[],|,False,0,[],False
2026-09-19 18:22:42,False,0,[],|,False,0,[],|,False,0,|,True,5,"['1 micro sleep: 2.0 seconds', '2 micro sleep: 5.0 seconds', '3 micro sleep: 4.0 seconds', '4 micro sleep: 4.0 seconds', '5 micro sleep: 14.0 seconds']",|,False,Counting pitches...,[],|,False,Counting yawns... 29.0 seconds remaining.,[],|,False,0,[],False
2026-09-19 18:22:45,False,0,[],|,False,0,[],|,False,0,|,True,6,"['1 micro sleep: 2.0 seconds', '2 micro sleep: 5.0 seconds', '3 micro sleep: 4.0 seconds', '4 micro sleep: 4.0 seconds', '5 micro sleep: 14.0 seconds', '6 micro sleep: 2.0 seconds']",|,False,Counting pitches...,[],|,False,Counting yawns... 26.0 seconds remaining.,[],|,False,0,[],False
2026-09-19 18:22:53,False,0,[],|,False,0,[],|,False,0,|,True,7,"['1 micro sleep: 2.0 seconds', '2 micro sleep: 5.0 seconds', '3 micro sleep: 4.0 seconds', '4 micro sleep: 4.0 seconds', '5 micro sleep: 14.0 seconds', '6 micro sleep: 2.0 seconds', '7 micro sleep: 2.0 seconds']",|,False,Counting pitches...,[],|,False,Counting yawns... 18.0 seconds remaining.,[],|,False,0,[],True
2026-09-19 18:22:56,False,0,[],|,False,0,[],|,False,Counting flickers... 14.0 seconds remaining.,|,False,0,[],|,False,Counting pitches...,[],|,False,Counting yawns... 15.0 seconds remaining.,[],|,True,10,"['1 phone visible: 3.0 seconds', '2 possible call: 1.0 seconds', '3 phone visible: 1.0 seconds', '4 phone visible: 3.0 seconds', '5 phone visible: 1.0 seconds', '6 possible call: 1.0 seconds', '7 possible call: 1.0 seconds', '8 possible call: 1.0 seconds', '9 phone visible: 1.0 seconds', '10 possible call: 2.0 seconds']",True
2026-09-19 18:23:03,False,0,[],|,False,0,[],|,False,0,|,True,8,"['1 micro sleep: 2.0 seconds', '2 micro sleep: 5.0 seconds', '3 micro sleep: 4.0 seconds', '4 micro sleep: 4.0 seconds', '5 micro sleep: 14.0 seconds', '6 micro sleep: 2.0 seconds', '7 micro sleep: 2.0 seconds', '8 micro sleep: 5.0 seconds']",|,False,Counting pitches...,[],|,False,Counting yawns... 8.0 seconds remaining.,[],|,False,0,[],False
2026-09-19 18:23:09,False,0,[],|,False,0,[],|,False,Counting flickers... 2.0 seconds remaining.,|,False,0,[],|,False,Counting pitches...,[],|,False,Counting yawns... 2.0 seconds remaining.,[],|,True,11,"['1 phone visible: 3.0 seconds', '2 possible call: 1.0 seconds', '3 phone visible: 1.0 seconds', '4 phone visible: 3.0 seconds', '5 phone visible: 1.0 seconds', '6 possible call: 1.0 seconds', '7 possible call: 1.0 seconds', '8 possible call: 1.0 seconds', '9 phone visible: 1.0 seconds', '10 possible call: 2.0 seconds', '11 phone visible: 1.0 seconds']",False
2026-09-19 18:23:10,False,0,[],|,False,0,[],|,True,10,|,False,0,[],|,False,Counting pitches...,[],|,False,Counting yawns... 1.0 seconds remaining.,[],|,False,0,[],False
2026-09-19 18:23:11,False,0,[],|,False,0,[],|,False,Counting flickers... 59.0 seconds remaining.,|,False,0,[],|,False,Counting pitches...,[],|,True,0,[],|,False,0,[],False
2026-09-19 18:23:15,False,0,[],|,False,0,[],|,False,Counting flickers... 55.0 seconds remaining.,|,False,0,[],|,False,Counting pitches...,[],|,False,Counting yawns... 176.0 seconds remaining.,[],|,True,12,"['1 phone visible: 3.0 seconds', '2 possible call: 1.0 seconds', '3 phone visible: 1.0 seconds', '4 phone visible: 3.0 seconds', '5 phone visible: 1.0 seconds', '6 possible call: 1.0 seconds', '7 possible call: 1.0 seconds', '8 possible call: 1.0 seconds', '9 phone visible: 1.0 seconds', '10 possible call: 2.0 seconds', '11 phone visible: 1.0 seconds', '12 phone visible: 1.0 seconds']",False
2026-09-19 18:23:25,False,0,[],|,False,0,[],|,False,Counting flickers... 45.0 seconds remaining.,|,False,0,[],|,False,Counting pitches...,[],|,False,Counting yawns... 166.0 seconds remaining.,[],|,True,13,"['1 phone visible: 3.0 seconds', '2 possible call: 1.0 seconds', '3 phone visible: 1.0 seconds', '4 phone visible: 3.0 seconds', '5 phone visible: 1.0 seconds', '6 possible call: 1.0 seconds', '7 possible call: 1.0 seconds', '8 possible call: 1.0 seconds', '9 phone visible: 1.0 seconds', '10 possible call: 2.0 seconds', '11 phone visible: 1.0 seconds', '12 phone visible: 1.0 seconds', '13 possible call: 1.0 seconds']",True
2026-09-19 18:23:28,False,0,[],|,False,0,[],|,False,Counting flickers... 41.0 seconds remaining.,|,False,0,[],|,False,Counting pitches...,[],|,False,Counting yawns... 162.0 seconds remaining.,[],|,True,14,"['1 phone visible: 3.0 seconds', '2 possible call: 1.0 seconds', '3 phone visible: 1.0 seconds', '4 phone visible: 3.0 seconds', '5 phone visible: 1.0 seconds', '6 possible call: 1.0 seconds', '7 possible call: 1.0 seconds', '8 possible call: 1.0 seconds', '9 phone visible: 1.0 seconds', '10 possible call: 2.0 seconds', '11 phone visible: 1.0 seconds', '12 phone visible: 1.0 seconds', '13 possible call: 1.0 seconds', '14 phone visible: 2.0 seconds']",False
2026-09-19 18:23:36,False,0,[],|,False,0,[],|,False,Counting flickers... 34.0 seconds remaining.,|,False,0,[],|,False,Counting pitches...,[],|,False,Counting yawns... 155.0 seconds remaining.,[],|,True,15,"['1 phone visible: 3.0 seconds', '2 possible call: 1.0 seconds', '3 phone visible: 1.0 seconds', '4 phone visible: 3.0 seconds', '5 phone visible: 1.0 seconds', '6 possible call: 1.0 seconds', '7 possible call: 1.0 seconds', '8 possible call: 1.0 seconds', '9 phone visible: 1.0 seconds', '10 possible call: 2.0 seconds', '11 phone visible: 1.0 seconds', '12 phone visible: 1.0 seconds', '13 possible call: 1.0 seconds', '14 phone visible: 2.0 seconds', '15 phone visible: 1.0 seconds']",False
2026-09-19 18:23:38,False,0,[],|,False,0,[],|,False,Counting flickers... 31.0 seconds remaining.,|,False,0,[],|,False,Counting pitches...,[],|,False,Counting yawns... 152.0 seconds remaining.,[],|,True,16,"['1 phone visible: 3.0 seconds', '2 possible call: 1.0 seconds', '3 phone visible: 1.0 seconds', '4 phone visible: 3.0 seconds', '5 phone visible: 1.0 seconds', '6 possible call: 1.0 seconds', '7 possible call: 1.0 seconds', '8 possible call: 1.0 seconds', '9 phone visible: 1.0 seconds', '10 possible call: 2.0 seconds', '11 phone visible: 1.0 seconds', '12 phone visible: 1.0 seconds', '13 possible call: 1.0 seconds', '14 phone visible: 2.0 seconds', '15 phone visible: 1.0 seconds', '16 phone visible: 2.0 seconds']",False
2026-09-19 18:23:52,False,0,[],|,False,0,[],|,False,0,|,True,9,"['1 micro sleep: 2.0 seconds', '2 micro sleep: 5.0 seconds', '3 micro sleep: 4.0 seconds', '4 micro sleep: 4.0 seconds', '5 micro sleep: 14.0 seconds', '6 micro sleep: 2.0 seconds', '7 micro sleep: 2.0 seconds', '8 micro sleep: 5.0 seconds', '9 micro sleep: 5.0 seconds']",|,False,Counting pitches...,[],|,False,Counting yawns... 139.0 seconds remaining.,[],|,False,0,[],False
2026-09-19 18:23:52,False,0,[],|,False,0,[],|,False,Counting flickers... 17.0 seconds remaining.,|,False,0,[],|,True,5,"['1 pitch: 6.0 seconds', '2 pitch: 3.0 seconds', '3 pitch: 5.0 seconds', '4 pitch: 4.0 seconds', '5 pitch: 5.0 seconds']",|,False,Counting yawns... 138.0 seconds remaining.,[],|,False,0,[],False
2026-09-19 18:24:05,False,0,[],|,False,0,[],|,False,Counting flickers... 4.0 seconds remaining.,|,False,0,[],|,False,Counting pitches...,[],|,False,Counting yawns... 125.0 seconds remaining.,[],|,True,17,"['1 phone visible: 3.0 seconds', '2 possible call: 1.0 seconds', '3 phone visible: 1.0 seconds', '4 phone visible: 3.0 seconds', '5 phone visible: 1.0 seconds', '6 possible call: 1.0 seconds', '7 possible call: 1.0 seconds', '8 possible call: 1.0 seconds', '9 phone visible: 1.0 seconds', '10 possible call: 2.0 seconds', '11 phone visible: 1.0 seconds', '12 phone visible: 1.0 seconds', '13 possible call: 1.0 seconds', '14 phone visible: 2.0 seconds', '15 phone visible: 1.0 seconds', '16 phone visible: 2.0 seconds', '17 phone visible: 2.0 seconds']",False
2026-09-19 18:24:07,False,0,[],|,False,0,[],|,False,Counting flickers... 2.0 seconds remaining.,|,False,0,[],|,False,Counting pitches...,[],|,False,Counting yawns... 123.0 seconds remaining.,[],|,True,18,"['1 phone visible: 3.0 seconds', '2 possible call: 1.0 seconds', '3 phone visible: 1.0 seconds', '4 phone visible: 3.0 seconds', '5 phone visible: 1.0 seconds', '6 possible call: 1.0 seconds', '7 possible call: 1.0 seconds', '8 possible call: 1.0 seconds', '9 phone visible: 1.0 seconds', '10 possible call: 2.0 seconds', '11 phone visible: 1.0 seconds', '12 phone visible: 1.0 seconds', '13 possible call: 1.0 seconds', '14 phone visible: 2.0 seconds', '15 phone visible: 1.0 seconds', '16 phone visible: 2.0 seconds', '17 phone visible: 2.0 seconds', '18 phone visible: 1.0 seconds']",False
2026-09-19 18:24:09,False,0,[],|,False,0,[],|,True,12,|,False,0,[],|,False,Counting pitches...,[],|,False,Counting yawns... 121.0 seconds remaining.,[],|,False,0,[],False
2026-09-19 18:24:40,False,0,[],|,False,0,[],|,False,Counting flickers... 29.0 seconds remaining.,|,False,0,[],|,True,6,"['1 pitch: 6.0 seconds', '2 pitch: 3.0 seconds', '3 pitch: 5.0 seconds', '4 pitch: 4.0 seconds', '5 pitch: 5.0 seconds', '6 pitch: 3.0 seconds']",|,False,Counting yawns... 90.0 seconds remaining.,[],|,False,0,[],False
2026-09-19 18:24:55,False,0,[],|,False,0,[],|,False,Counting flickers... 15.0 seconds remaining.,|,False,0,[],|,True,7,"['1 pitch: 6.0 seconds', '2 pitch: 3.0 seconds', '3 pitch: 5.0 seconds', '4 pitch: 4.0 seconds', '5 pitch: 5.0 seconds', '6 pitch: 3.0 seconds', '7 pitch: 5.0 seconds']",|,False,Counting yawns... 76.0 seconds remaining.,[],|,False,0,[],False
2026-09-19 18:25:07,False,0,[],|,False,0,[],|,False,0,|,True,10,"['1 micro sleep: 2.0 seconds', '2 micro sleep: 5.0 seconds', '3 micro sleep: 4.0 seconds', '4 micro sleep: 4.0 seconds', '5 micro sleep: 14.0 seconds', '6 micro sleep: 2.0 seconds', '7 micro sleep: 2.0 seconds', '8 micro sleep: 5.0 seconds', '9 micro sleep: 5.0 seconds', '10 micro sleep: 2.0 seconds']",|,False,Counting pitches...,[],|,False,Counting yawns... 64.0 seconds remaining.,[],|,False,0,[],False
2026-09-19 18:25:09,False,0,[],|,False,0,[],|,True,3,|,False,0,[],|,False,Counting pitches...,[],|,False,Counting yawns... 62.0 seconds remaining.,[],|,False,0,[],False
2026-09-19 18:25:11,True,0,[],|,True,0,[],|,False,Counting flickers... 58.0 seconds remaining.,|,False,0,[],|,False,Counting pitches...,[],|,False,Counting yawns... 60.0 seconds remaining.,[],|,False,0,[],False
2026-09-19 18:25:14,False,0,[],|,False,0,[],|,False,Counting flickers... 54.0 seconds remaining.,|,False,0,[],|,True,8,"['1 pitch: 6.0 seconds', '2 pitch: 3.0 seconds', '3 pitch: 5.0 seconds', '4 pitch: 4.0 seconds', '5 pitch: 5.0 seconds', '6 pitch: 3.0 seconds', '7 pitch: 5.0 seconds', '8 pitch: 10.0 seconds']",|,False,Counting yawns... 56.0 seconds remaining.,[],|,False,0,[],False
2026-09-19 18:25:20,False,0,[],|,False,0,[],|,False,0,|,True,11,"['1 micro sleep: 2.0 seconds', '2 micro sleep: 5.0 seconds', '3 micro sleep: 4.0 seconds', '4 micro sleep: 4.0 seconds', '5 micro sleep: 14.0 seconds', '6 micro sleep: 2.0 seconds', '7 micro sleep: 2.0 seconds', '8 micro sleep: 5.0 seconds', '9 micro sleep: 5.0 seconds', '10 micro sleep: 2.0 seconds', '11 micro sleep: 2.0 seconds']",|,False,Counting pitches...,[],|,False,Counting yawns... 51.0 seconds remaining.,[],|,False,0,[],False
2026-09-19 18:25:28,False,0,[],|,False,0,[],|,False,0,|,True,12,"['1 micro sleep: 2.0 seconds', '2 micro sleep: 5.0 seconds', '3 micro sleep: 4.0 seconds', '4 micro sleep: 4.0 seconds', '5 micro sleep: 14.0 seconds', '6 micro sleep: 2.0 seconds', '7 micro sleep: 2.0 seconds', '8 micro sleep: 5.0 seconds', '9 micro sleep: 5.0 seconds', '10 micro sleep: 2.0 seconds', '11 micro sleep: 2.0 seconds', '12 micro sleep: 8.0 seconds']",|,False,Counting pitches...,[],|,False,Counting yawns... 43.0 seconds remaining.,[],|,False,0,[],False
2026-09-19 18:25:34,False,0,[],|,False,0,[],|,False,0,|,True,13,"['1 micro sleep: 2.0 seconds', '2 micro sleep: 5.0 seconds', '3 micro sleep: 4.0 seconds', '4 micro sleep: 4.0 seconds', '5 micro sleep: 14.0 seconds', '6 micro sleep: 2.0 seconds', '7 micro sleep: 2.0 seconds', '8 micro sleep: 5.0 seconds', '9 micro sleep: 5.0 seconds', '10 micro sleep: 2.0 seconds', '11 micro sleep: 2.0 seconds', '12 micro sleep: 8.0 seconds', '13 micro sleep: 4.0 seconds']",|,False,Counting pitches...,[],|,False,Counting yawns... 37.0 seconds remaining.,[],|,False,0,[],False
2026-09-19 18:25:34,False,0,[],|,False,0,[],|,False,Counting flickers... 35.0 seconds remaining.,|,False,0,[],|,True,9,"['1 pitch: 6.0 seconds', '2 pitch: 3.0 seconds', '3 pitch: 5.0 seconds', '4 pitch: 4.0 seconds', '5 pitch: 5.0 seconds', '6 pitch: 3.0 seconds', '7 pitch: 5.0 seconds', '8 pitch: 10.0 seconds', '9 pitch: 17.0 seconds']",|,False,Counting yawns... 37.0 seconds remaining.,[],|,False,0,[],False
2026-09-19 18:25:59,False,0,[],|,False,0,[],|,False,Counting flickers... 9.0 seconds remaining.,|,False,0,[],|,False,Counting pitches...,[],|,False,Counting yawns... 11.0 seconds remaining.,[],|,True,19,"['1 phone visible: 3.0 seconds', '2 possible call: 1.0 seconds', '3 phone visible: 1.0 seconds', '4 phone visible: 3.0 seconds', '5 phone visible: 1.0 seconds', '6 possible call: 1.0 seconds', '7 possible call: 1.0 seconds', '8 possible call: 1.0 seconds', '9 phone visible: 1.0 seconds', '10 possible call: 2.0 seconds', '11 phone visible: 1.0 seconds', '12 phone visible: 1.0 seconds', '13 possible call: 1.0 seconds', '14 phone visible: 2.0 seconds', '15 phone visible: 1.0 seconds', '16 phone visible: 2.0 seconds', '17 phone visible: 2.0 seconds', '18 phone visible: 1.0 seconds', '19 phone visible: 1.0 seconds']",False
2026-09-19 18:26:01,False,0,[],|,False,0,[],|,False,Counting flickers... 8.0 seconds remaining.,|,False,0,[],|,False,Counting pitches...,[],|,False,Counting yawns... 9.0 seconds remaining.,[],|,True,20,"['1 phone visible: 3.0 seconds', '2 possible call: 1.0 seconds', '3 phone visible: 1.0 seconds', '4 phone visible: 3.0 seconds', '5 phone visible: 1.0 seconds', '6 possible call: 1.0 seconds', '7 possible call: 1.0 seconds', '8 possible call: 1.0 seconds', '9 phone visible: 1.0 seconds', '10 possible call: 2.0 seconds', '11 phone visible: 1.0 seconds', '12 phone visible: 1.0 seconds', '13 possible call: 1.0 seconds', '14 phone visible: 2.0 seconds', '15 phone visible: 1.0 seconds', '16 phone visible: 2.0 seconds', '17 phone visible: 2.0 seconds', '18 phone visible: 1.0 seconds', '19 phone visible: 1.0 seconds', '20 phone visible: 1.0 seconds']",False
2026-09-19 18:26:08,False,0,[],|,False,0,[],|,True,8,|,False,0,[],|,False,Counting pitches...,[],|,False,Counting yawns... 2.0 seconds remaining.,[],|,False,0,[],False
2026-09-19 18:26:10,False,0,[],|,False,0,[],|,False,Counting flickers... 58.0 seconds remaining.,|,False,0,[],|,False,Counting pitches...,[],|,True,0,[],|,False,0,[],False
2026-09-19 18:27:06,False,0,[],|,False,0,[],|,False,Counting flickers... 2.0 seconds remaining.,|,False,0,[],|,True,10,"['1 pitch: 6.0 seconds', '2 pitch: 3.0 seconds', '3 pitch: 5.0 seconds', '4 pitch: 4.0 seconds', '5 pitch: 5.0 seconds', '6 pitch: 3.0 seconds', '7 pitch: 5.0 seconds', '8 pitch: 10.0 seconds', '9 pitch: 17.0 seconds', '10 pitch: 6.0 seconds']",|,False,Counting yawns... 124.0 seconds remaining.,[],|,False,0,[],False
2026-09-19 18:27:07,False,0,[],|,False,0,[],|,False,0,|,True,14,"['1 micro sleep: 2.0 seconds', '2 micro sleep: 5.0 seconds', '3 micro sleep: 4.0 seconds', '4 micro sleep: 4.0 seconds', '5 micro sleep: 14.0 seconds', '6 micro sleep: 2.0 seconds', '7 micro sleep: 2.0 seconds', '8 micro sleep: 5.0 seconds', '9 micro sleep: 5.0 seconds', '10 micro sleep: 2.0 seconds', '11 micro sleep: 2.0 seconds', '12 micro sleep: 8.0 seconds', '13 micro sleep: 4.0 seconds', '14 micro sleep: 2.0 seconds']",|,False,Counting pitches...,[],|,False,Counting yawns... 123.0 seconds remaining.,[],|,False,0,[],False
2026-09-19 18:27:08,False,0,[],|,False,0,[],|,True,4,|,False,0,[],|,False,Counting pitches...,[],|,False,Counting yawns... 122.0 seconds remaining.,[],|,False,0,[],False
2026-09-19 18:27:11,False,0,[],|,False,0,[],|,False,0,|,True,15,"['1 micro sleep: 2.0 seconds', '2 micro sleep: 5.0 seconds', '3 micro sleep: 4.0 seconds', '4 micro sleep: 4.0 seconds', '5 micro sleep: 14.0 seconds', '6 micro sleep: 2.0 seconds', '7 micro sleep: 2.0 seconds', '8 micro sleep: 5.0 seconds', '9 micro sleep: 5.0 seconds', '10 micro sleep: 2.0 seconds', '11 micro sleep: 2.0 seconds', '12 micro sleep: 8.0 seconds', '13 micro sleep: 4.0 seconds', '14 micro sleep: 2.0 seconds', '15 micro sleep: 2.0 seconds']",|,False,Counting pitches...,[],|,False,Counting yawns... 119.0 seconds remaining.,[],|,False,0,[],False
2026-09-19 18:27:12,False,0,[],|,False,0,[],|,False,Counting flickers... 55.0 seconds remaining.,|,False,0,[],|,True,11,"['1 pitch: 6.0 seconds', '2 pitch: 3.0 seconds', '3 pitch: 5.0 seconds', '4 pitch: 4.0 seconds', '5 pitch: 5.0 seconds', '6 pitch: 3.0 seconds', '7 pitch: 5.0 seconds', '8 pitch: 10.0 seconds', '9 pitch: 17.0 seconds', '10 pitch: 6.0 seconds', '11 pitch: 4.0 seconds']",|,False,Counting yawns... 118.0 seconds remaining.,[],|,False,0,[],False
2026-09-19 18:27:13,False,0,[],|,False,0,[],|,False,Counting flickers... 55.0 seconds remaining.,|,False,0,[],|,False,Counting pitches...,[],|,False,Counting yawns... 117.0 seconds remaining.,[],|,True,21,"['1 phone visible: 3.0 seconds', '2 possible call: 1.0 seconds', '3 phone visible: 1.0 seconds', '4 phone visible: 3.0 seconds', '5 phone visible: 1.0 seconds', '6 possible call: 1.0 seconds', '7 possible call: 1.0 seconds', '8 possible call: 1.0 seconds', '9 phone visible: 1.0 seconds', '10 possible call: 2.0 seconds', '11 phone visible: 1.0 seconds', '12 phone visible: 1.0 seconds', '13 possible call: 1.0 seconds', '14 phone visible: 2.0 seconds', '15 phone visible: 1.0 seconds', '16 phone visible: 2.0 seconds', '17 phone visible: 2.0 seconds', '18 phone visible: 1.0 seconds', '19 phone visible: 1.0 seconds', '20 phone visible: 1.0 seconds', '21 phone visible: 1.0 seconds']",False
2026-09-19 18:27:29,False,0,[],|,False,0,[],|,False,Counting flickers... 39.0 seconds remaining.,|,False,0,[],|,True,12,"['1 pitch: 6.0 seconds', '2 pitch: 3.0 seconds', '3 pitch: 5.0 seconds', '4 pitch: 4.0 seconds', '5 pitch: 5.0 seconds', '6 pitch: 3.0 seconds', '7 pitch: 5.0 seconds', '8 pitch: 10.0 seconds', '9 pitch: 17.0 seconds', '10 pitch: 6.0 seconds', '11 pitch: 4.0 seconds', '12 pitch: 6.0 seconds']",|,False,Counting yawns... 101.0 seconds remaining.,[],|,False,0,[],False
2026-09-19 18:27:35,False,0,[],|,False,0,[],|,False,0,|,True,16,"['1 micro sleep: 2.0 seconds', '2 micro sleep: 5.0 seconds', '3 micro sleep: 4.0 seconds', '4 micro sleep: 4.0 seconds', '5 micro sleep: 14.0 seconds', '6 micro sleep: 2.0 seconds', '7 micro sleep: 2.0 seconds', '8 micro sleep: 5.0 seconds', '9 micro sleep: 5.0 seconds', '10 micro sleep: 2.0 seconds', '11 micro sleep: 2.0 seconds', '12 micro sleep: 8.0 seconds', '13 micro sleep: 4.0 seconds', '14 micro sleep: 2.0 seconds', '15 micro sleep: 2.0 seconds', '16 micro sleep: 2.0 seconds']",|,False,Counting pitches...,[],|,False,Counting yawns... 95.0 seconds remaining.,[],|,False,0,[],False
2026-09-19 18:27:43,False,0,[],|,False,0,[],|,False,0,|,True,17,"['1 micro sleep: 2.0 seconds', '2 micro sleep: 5.0 seconds', '3 micro sleep: 4.0 seconds', '4 micro sleep: 4.0 seconds', '5 micro sleep: 14.0 seconds', '6 micro sleep: 2.0 seconds', '7 micro sleep: 2.0 seconds', '8 micro sleep: 5.0 seconds', '9 micro sleep: 5.0 seconds', '10 micro sleep: 2.0 seconds', '11 micro sleep: 2.0 seconds', '12 micro sleep: 8.0 seconds', '13 micro sleep: 4.0 seconds', '14 micro sleep: 2.0 seconds', '15 micro sleep: 2.0 seconds', '16 micro sleep: 2.0 seconds', '17 micro sleep: 7.0 seconds']",|,False,Counting pitches...,[],|,False,Counting yawns... 87.0 seconds remaining.,[],|,False,0,[],False
2026-09-19 18:27:47,False,0,[],|,False,0,[],|,False,0,|,True,18,"['1 micro sleep: 2.0 seconds', '2 micro sleep: 5.0 seconds', '3 micro sleep: 4.0 seconds', '4 micro sleep: 4.0 seconds', '5 micro sleep: 14.0 seconds', '6 micro sleep: 2.0 seconds', '7 micro sleep: 2.0 seconds', '8 micro sleep: 5.0 seconds', '9 micro sleep: 5.0 seconds', '10 micro sleep: 2.0 seconds', '11 micro sleep: 2.0 seconds', '12 micro sleep: 8.0 seconds', '13 micro sleep: 4.0 seconds', '14 micro sleep: 2.0 seconds', '15 micro sleep: 2.0 seconds', '16 micro sleep: 2.0 seconds', '17 micro sleep: 7.0 seconds', '18 micro sleep: 2.0 seconds']",|,False,Counting pitches...,[],|,False,Counting yawns... 83.0 seconds remaining.,[],|,False,0,[],False
2026-09-19 18:28:00,False,0,[],|,False,0,[],|,False,Counting flickers... 8.0 seconds remaining.,|,False,0,[],|,True,13,"['1 pitch: 6.0 seconds', '2 pitch: 3.0 seconds', '3 pitch: 5.0 seconds', '4 pitch: 4.0 seconds', '5 pitch: 5.0 seconds', '6 pitch: 3.0 seconds', '7 pitch: 5.0 seconds', '8 pitch: 10.0 seconds', '9 pitch: 17.0 seconds', '10 pitch: 6.0 seconds', '11 pitch: 4.0 seconds', '12 pitch: 6.0 seconds', '13 pitch: 26.0 seconds']",|,False,Counting yawns... 71.0 seconds remaining.,[],|,False,0,[],False
2026-09-19 18:28:02,False,0,[],|,False,0,[],|,False,Counting flickers... 5.0 seconds remaining.,|,False,0,[],|,False,Counting pitches...,[],|,False,Counting yawns... 68.0 seconds remaining.,[],|,True,22,"['1 phone visible: 3.0 seconds', '2 possible call: 1.0 seconds', '3 phone visible: 1.0 seconds', '4 phone visible: 3.0 seconds', '5 phone visible: 1.0 seconds', '6 possible call: 1.0 seconds', '7 possible call: 1.0 seconds', '8 possible call: 1.0 seconds', '9 phone visible: 1.0 seconds', '10 possible call: 2.0 seconds', '11 phone visible: 1.0 seconds', '12 phone visible: 1.0 seconds', '13 possible call: 1.0 seconds', '14 phone visible: 2.0 seconds', '15 phone visible: 1.0 seconds', '16 phone visible: 2.0 seconds', '17 phone visible: 2.0 seconds', '18 phone visible: 1.0 seconds', '19 phone visible: 1.0 seconds', '20 phone visible: 1.0 seconds', '21 phone visible: 1.0 seconds', '22 phone visible: 1.0 seconds']",False
2026-09-19 18:28:05,False,0,[],|,False,0,[],|,False,Counting flickers... 3.0 seconds remaining.,|,False,0,[],|,False,Counting pitches...,[],|,False,Counting yawns... 65.0 seconds remaining.,[],|,True,23,"['1 phone visible: 3.0 seconds', '2 possible call: 1.0 seconds', '3 phone visible: 1.0 seconds', '4 phone visible: 3.0 seconds', '5 phone visible: 1.0 seconds', '6 possible call: 1.0 seconds', '7 possible call: 1.0 seconds', '8 possible call: 1.0 seconds', '9 phone visible: 1.0 seconds', '10 possible call: 2.0 seconds', '11 phone visible: 1.0 seconds', '12 phone visible: 1.0 seconds', '13 possible call: 1.0 seconds', '14 phone visible: 2.0 seconds', '15 phone visible: 1.0 seconds', '16 phone visible: 2.0 seconds', '17 phone visible: 2.0 seconds', '18 phone visible: 1.0 seconds', '19 phone visible: 1.0 seconds', '20 phone visible: 1.0 seconds', '21 phone visible: 1.0 seconds', '22 phone visible: 1.0 seconds', '23 phone visible: 1.0 seconds']",False
2026-09-19 18:28:07,False,0,[],|,False,0,[],|,False,Counting flickers... 1.0 seconds remaining.,|,False,0,[],|,False,Counting pitches...,[],|,False,Counting yawns... 64.0 seconds remaining.,[],|,True,24,"['1 phone visible: 3.0 seconds', '2 possible call: 1.0 seconds', '3 phone visible: 1.0 seconds', '4 phone visible: 3.0 seconds', '5 phone visible: 1.0 seconds', '6 possible call: 1.0 seconds', '7 possible call: 1.0 seconds', '8 possible call: 1.0 seconds', '9 phone visible: 1.0 seconds', '10 possible call: 2.0 seconds', '11 phone visible: 1.0 seconds', '12 phone visible: 1.0 seconds', '13 possible call: 1.0 seconds', '14 phone visible: 2.0 seconds', '15 phone visible: 1.0 seconds', '16 phone visible: 2.0 seconds', '17 phone visible: 2.0 seconds', '18 phone visible: 1.0 seconds', '19 phone visible: 1.0 seconds', '20 phone visible: 1.0 seconds', '21 phone visible: 1.0 seconds', '22 phone visible: 1.0 seconds', '23 phone visible: 1.0 seconds', '24 phone visible: 2.0 seconds']",False
2026-09-19 18:28:07,False,0,[],|,False,0,[],|,True,19,|,False,0,[],|,False,Counting pitches...,[],|,False,Counting yawns... 63.0 seconds remaining.,[],|,False,0,[],False
2026-09-19 18:28:39,False,0,[],|,False,0,[],|,False,0,|,True,19,"['1 micro sleep: 2.0 seconds', '2 micro sleep: 5.0 seconds', '3 micro sleep: 4.0 seconds', '4 micro sleep: 4.0 seconds', '5 micro sleep: 14.0 seconds', '6 micro sleep: 2.0 seconds', '7 micro sleep: 2.0 seconds', '8 micro sleep: 5.0 seconds', '9 micro sleep: 5.0 seconds', '10 micro sleep: 2.0 seconds', '11 micro sleep: 2.0 seconds', '12 micro sleep: 8.0 seconds', '13 micro sleep: 4.0 seconds', '14 micro sleep: 2.0 seconds', '15 micro sleep: 2.0 seconds', '16 micro sleep: 2.0 seconds', '17 micro sleep: 7.0 seconds', '18 micro sleep: 2.0 seconds', '19 micro sleep: 2.0 seconds']",|,False,Counting pitches...,[],|,False,Counting yawns... 31.0 seconds remaining.,[],|,False,0,[],False
2026-09-19 18:28:42,False,0,[],|,False,0,[],|,False,Counting flickers... 26.0 seconds remaining.,|,False,0,[],|,True,14,"['1 pitch: 6.0 seconds', '2 pitch: 3.0 seconds', '3 pitch: 5.0 seconds', '4 pitch: 4.0 seconds', '5 pitch: 5.0 seconds', '6 pitch: 3.0 seconds', '7 pitch: 5.0 seconds', '8 pitch: 10.0 seconds', '9 pitch: 17.0 seconds', '10 pitch: 6.0 seconds', '11 pitch: 4.0 seconds', '12 pitch: 6.0 seconds', '13 pitch: 26.0 seconds', '14 pitch: 9.0 seconds']",|,False,Counting yawns... 29.0 seconds remaining.,[],|,False,0,[],False
2026-09-19 18:28:45,False,0,[],|,False,0,[],|,False,Counting flickers... 22.0 seconds remaining.,|,False,0,[],|,False,Counting pitches...,[],|,False,Counting yawns... 25.0 seconds remaining.,[],|,True,25,"['1 phone visible: 3.0 seconds', '2 possible call: 1.0 seconds', '3 phone visible: 1.0 seconds', '4 phone visible: 3.0 seconds', '5 phone visible: 1.0 seconds', '6 possible call: 1.0 seconds', '7 possible call: 1.0 seconds', '8 possible call: 1.0 seconds', '9 phone visible: 1.0 seconds', '10 possible call: 2.0 seconds', '11 phone visible: 1.0 seconds', '12 phone visible: 1.0 seconds', '13 possible call: 1.0 seconds', '14 phone visible: 2.0 seconds', '15 phone visible: 1.0 seconds', '16 phone visible: 2.0 seconds', '17 phone visible: 2.0 seconds', '18 phone visible: 1.0 seconds', '19 phone visible: 1.0 seconds', '20 phone visible: 1.0 seconds', '21 phone visible: 1.0 seconds', '22 phone visible: 1.0 seconds', '23 phone visible: 1.0 seconds', '24 phone visible: 2.0 seconds', '25 phone visible: 1.0 seconds']",False
2026-09-19 18:28:50,False,0,[],|,False,0,[],|,False,Counting flickers... 17.0 seconds remaining.,|,False,0,[],|,False,Counting pitches...,[],|,False,Counting yawns... 20.0 seconds remaining.,[],|,True,26,"['1 phone visible: 3.0 seconds', '2 possible call: 1.0 seconds', '3 phone visible: 1.0 seconds', '4 phone visible: 3.0 seconds', '5 phone visible: 1.0 seconds', '6 possible call: 1.0 seconds', '7 possible call: 1.0 seconds', '8 possible call: 1.0 seconds', '9 phone visible: 1.0 seconds', '10 possible call: 2.0 seconds', '11 phone visible: 1.0 seconds', '12 phone visible: 1.0 seconds', '13 possible call: 1.0 seconds', '14 phone visible: 2.0 seconds', '15 phone visible: 1.0 seconds', '16 phone visible: 2.0 seconds', '17 phone visible: 2.0 seconds', '18 phone visible: 1.0 seconds', '19 phone visible: 1.0 seconds', '20 phone visible: 1.0 seconds', '21 phone visible: 1.0 seconds', '22 phone visible: 1.0 seconds', '23 phone visible: 1.0 seconds', '24 phone visible: 2.0 seconds', '25 phone visible: 1.0 seconds', '26 phone visible: 1.0 seconds']",False
2026-09-19 18:28:53,False,0,[],|,False,0,[],|,False,Counting flickers... 14.0 seconds remaining.,|,False,0,[],|,False,Counting pitches...,[],|,False,Counting yawns... 17.0 seconds remaining.,[],|,True,27,"['1 phone visible: 3.0 seconds', '2 possible call: 1.0 seconds', '3 phone visible: 1.0 seconds', '4 phone visible: 3.0 seconds', '5 phone visible: 1.0 seconds', '6 possible call: 1.0 seconds', '7 possible call: 1.0 seconds', '8 possible call: 1.0 seconds', '9 phone visible: 1.0 seconds', '10 possible call: 2.0 seconds', '11 phone visible: 1.0 seconds', '12 phone visible: 1.0 seconds', '13 possible call: 1.0 seconds', '14 phone visible: 2.0 seconds', '15 phone visible: 1.0 seconds', '16 phone visible: 2.0 seconds', '17 phone visible: 2.0 seconds', '18 phone visible: 1.0 seconds', '19 phone visible: 1.0 seconds', '20 phone visible: 1.0 seconds', '21 phone visible: 1.0 seconds', '22 phone visible: 1.0 seconds', '23 phone visible: 1.0 seconds', '24 phone visible: 2.0 seconds', '25 phone visible: 1.0 seconds', '26 phone visible: 1.0 seconds', '27 phone visible: 3.0 seconds']",False
2026-09-19 18:28:57,False,0,[],|,False,0,[],|,False,Counting flickers... 11.0 seconds remaining.,|,False,0,[],|,False,Counting pitches...,[],|,False,Counting yawns... 13.0 seconds remaining.,[],|,True,28,"['1 phone visible: 3.0 seconds', '2 possible call: 1.0 seconds', '3 phone visible: 1.0 seconds', '4 phone visible: 3.0 seconds', '5 phone visible: 1.0 seconds', '6 possible call: 1.0 seconds', '7 possible call: 1.0 seconds', '8 possible call: 1.0 seconds', '9 phone visible: 1.0 seconds', '10 possible call: 2.0 seconds', '11 phone visible: 1.0 seconds', '12 phone visible: 1.0 seconds', '13 possible call: 1.0 seconds', '14 phone visible: 2.0 seconds', '15 phone visible: 1.0 seconds', '16 phone visible: 2.0 seconds', '17 phone visible: 2.0 seconds', '18 phone visible: 1.0 seconds', '19 phone visible: 1.0 seconds', '20 phone visible: 1.0 seconds', '21 phone visible: 1.0 seconds', '22 phone visible: 1.0 seconds', '23 phone visible: 1.0 seconds', '24 phone visible: 2.0 seconds', '25 phone visible: 1.0 seconds', '26 phone visible: 1.0 seconds', '27 phone visible: 3.0 seconds', '28 phone visible: 3.0 seconds']",False
2026-09-19 18:29:07,False,0,[],|,False,0,[],|,True,7,|,False,0,[],|,False,Counting pitches...,[],|,False,Counting yawns... 3.0 seconds remaining.,[],|,False,0,[],False
2026-09-19 18:29:10,False,0,[],|,False,0,[],|,False,Counting flickers... 57.0 seconds remaining.,|,False,0,[],|,False,Counting pitches...,[],|,True,0,[],|,False,0,[],False
2026-09-19 18:29:40,False,0,[],|,False,0,[],|,False,Counting flickers... 27.0 seconds remaining.,|,False,0,[],|,True,15,"['1 pitch: 6.0 seconds', '2 pitch: 3.0 seconds', '3 pitch: 5.0 seconds', '4 pitch: 4.0 seconds', '5 pitch: 5.0 seconds', '6 pitch: 3.0 seconds', '7 pitch: 5.0 seconds', '8 pitch: 10.0 seconds', '9 pitch: 17.0 seconds', '10 pitch: 6.0 seconds', '11 pitch: 4.0 seconds', '12 pitch: 6.0 seconds', '13 pitch: 26.0 seconds', '14 pitch: 9.0 seconds', '15 pitch: 9.0 seconds']",|,False,Counting yawns... 150.0 seconds remaining.,[],|,False,0,[],False
2026-09-19 18:29:57,False,0,[],|,False,0,[],|,False,Counting flickers... 10.0 seconds remaining.,|,False,0,[],|,True,16,"['1 pitch: 6.0 seconds', '2 pitch: 3.0 seconds', '3 pitch: 5.0 seconds', '4 pitch: 4.0 seconds', '5 pitch: 5.0 seconds', '6 pitch: 3.0 seconds', '7 pitch: 5.0 seconds', '8 pitch: 10.0 seconds', '9 pitch: 17.0 seconds', '10 pitch: 6.0 seconds', '11 pitch: 4.0 seconds', '12 pitch: 6.0 seconds', '13 pitch: 26.0 seconds', '14 pitch: 9.0 seconds', '15 pitch: 9.0 seconds', '16 pitch: 3.0 seconds']",|,False,Counting yawns... 133.0 seconds remaining.,[],|,False,0,[],False
2026-09-19 18:30:06,False,0,[],|,False,0,[],|,False,0,|,True,20,"['1 micro sleep: 2.0 seconds', '2 micro sleep: 5.0 seconds', '3 micro sleep: 4.0 seconds', '4 micro sleep: 4.0 seconds', '5 micro sleep: 14.0 seconds', '6 micro sleep: 2.0 seconds', '7 micro sleep: 2.0 seconds', '8 micro sleep: 5.0 seconds', '9 micro sleep: 5.0 seconds', '10 micro sleep: 2.0 seconds', '11 micro sleep: 2.0 seconds', '12 micro sleep: 8.0 seconds', '13 micro sleep: 4.0 seconds', '14 micro sleep: 2.0 seconds', '15 micro sleep: 2.0 seconds', '16 micro sleep: 2.0 seconds', '17 micro sleep: 7.0 seconds', '18 micro sleep: 2.0 seconds', '19 micro sleep: 2.0 seconds', '20 micro sleep: 2.0 seconds']",|,False,Counting pitches...,[],|,False,Counting yawns... 124.0 seconds remaining.,[],|,False,0,[],False
2026-09-19 18:30:06,False,0,[],|,False,0,[],|,True,5,|,False,0,[],|,False,Counting pitches...,[],|,False,Counting yawns... 123.0 seconds remaining.,[],|,False,0,[],False
2026-09-19 18:30:10,True,0,[],|,True,0,[],|,False,Counting flickers... 56.0 seconds remaining.,|,False,0,[],|,False,Counting pitches...,[],|,False,Counting yawns... 120.0 seconds remaining.,[],|,False,0,[],False
2026-09-19 18:30:23,False,0,[],|,False,0,[],|,False,Counting flickers... 43.0 seconds remaining.,|,False,0,[],|,True,17,"['1 pitch: 6.0 seconds', '2 pitch: 3.0 seconds', '3 pitch: 5.0 seconds', '4 pitch: 4.0 seconds', '5 pitch: 5.0 seconds', '6 pitch: 3.0 seconds', '7 pitch: 5.0 seconds', '8 pitch: 10.0 seconds', '9 pitch: 17.0 seconds', '10 pitch: 6.0 seconds', '11 pitch: 4.0 seconds', '12 pitch: 6.0 seconds', '13 pitch: 26.0 seconds', '14 pitch: 9.0 seconds', '15 pitch: 9.0 seconds', '16 pitch: 3.0 seconds', '17 pitch: 11.0 seconds']",|,False,Counting yawns... 107.0 seconds remaining.,[],|,False,0,[],False
2026-09-19 19:21:12,False,0,[],|,False,0,[],|,False,Counting flickers... 48.0 seconds remaining.,|,False,0,[],|,False,Counting pitches...,[],|,False,Counting yawns... 168.0 seconds remaining.,[],|,True,1,['1 possible call: 1.0 seconds'],True
2026-09-19 19:21:29,False,0,[],|,False,0,[],|,False,Counting flickers... 32.0 seconds remaining.,|,False,0,[],|,False,Counting pitches...,[],|,False,Counting yawns... 152.0 seconds remaining.,[],|,True,2,"['1 possible call: 1.0 seconds', '2 possible call: 1.0 seconds']",True
2026-09-19 19:21:31,False,0,[],|,False,0,[],|,False,Counting flickers... 29.0 seconds remaining.,|,False,0,[],|,False,Counting pitches...,[],|,False,Counting yawns... 149.0 seconds remaining.,[],|,True,3,"['1 possible call: 1.0 seconds', '2 possible call: 1.0 seconds', '3 possible call: 1.0 seconds']",True
2026-09-19 19:21:34,False,0,[],|,False,0,[],|,False,Counting flickers... 27.0 seconds remaining.,|,False,0,[],|,False,Counting pitches...,[],|,False,Counting yawns... 147.0 seconds remaining.,[],|,True,4,"['1 possible call: 1.0 seconds', '2 possible call: 1.0 seconds', '3 possible call: 1.0 seconds', '4 phone visible: 2.0 seconds']",False
2026-09-19 19:21:50,False,0,[],|,False,0,[],|,False,Counting flickers... 10.0 seconds remaining.,|,False,0,[],|,False,Counting pitches...,[],|,False,Counting yawns... 130.0 seconds remaining.,[],|,True,5,"['1 possible call: 1.0 seconds', '2 possible call: 1.0 seconds', '3 possible call: 1.0 seconds', '4 phone visible: 2.0 seconds', '5 phone visible: 1.0 seconds']",False
2026-09-19 19:21:52,False,0,[],|,False,0,[],|,False,Counting flickers... 9.0 seconds remaining.,|,False,0,[],|,False,Counting pitches...,[],|,False,Counting yawns... 129.0 seconds remaining.,[],|,True,6,"['1 possible call: 1.0 seconds', '2 possible call: 1.0 seconds', '3 possible call: 1.0 seconds', '4 phone visible: 2.0 seconds', '5 phone visible: 1.0 seconds', '6 phone visible: 1.0 seconds']",False
2026-09-19 19:21:58,False,0,[],|,False,0,[],|,False,Counting flickers... 2.0 seconds remaining.,|,False,0,[],|,False,Counting pitches...,[],|,False,Counting yawns... 122.0 seconds remaining.,[],|,True,7,"['1 possible call: 1.0 seconds', '2 possible call: 1.0 seconds', '3 possible call: 1.0 seconds', '4 phone visible: 2.0 seconds', '5 phone visible: 1.0 seconds', '6 phone visible: 1.0 seconds', '7 phone visible: 3.0 seconds']",False
2026-09-19 19:22:00,False,0,[],|,False,0,[],|,True,0,|,False,0,[],|,False,Counting pitches...,[],|,False,Counting yawns... 120.0 seconds remaining.,[],|,False,0,[],False
2026-09-19 19:22:17,False,0,[],|,False,0,[],|,False,Counting flickers... 43.0 seconds remaining.,|,False,0,[],|,False,Counting pitches...,[],|,False,Counting yawns... 103.0 seconds remaining.,[],|,True,8,"['1 possible call: 1.0 seconds', '2 possible call: 1.0 seconds', '3 possible call: 1.0 seconds', '4 phone visible: 2.0 seconds', '5 phone visible: 1.0 seconds', '6 phone visible: 1.0 seconds', '7 phone visible: 3.0 seconds', '8 possible call: 16.0 seconds']",True
2026-09-19 19:22:26,False,0,[],|,False,0,[],|,False,Counting flickers... 34.0 seconds remaining.,|,False,0,[],|,False,Counting pitches...,[],|,False,Counting yawns... 94.0 seconds remaining.,[],|,True,9,"['1 possible call: 1.0 seconds', '2 possible call: 1.0 seconds', '3 possible call: 1.0 seconds', '4 phone visible: 2.0 seconds', '5 phone visible: 1.0 seconds', '6 phone visible: 1.0 seconds', '7 phone visible: 3.0 seconds', '8 possible call: 16.0 seconds', '9 possible call: 1.0 seconds']",True
2026-09-19 19:22:27,False,0,[],|,False,0,[],|,False,Counting flickers... 32.0 seconds remaining.,|,False,0,[],|,False,Counting pitches...,[],|,False,Counting yawns... 93.0 seconds remaining.,[],|,True,10,"['1 possible call: 1.0 seconds', '2 possible call: 1.0 seconds', '3 possible call: 1.0 seconds', '4 phone visible: 2.0 seconds', '5 phone visible: 1.0 seconds', '6 phone visible: 1.0 seconds', '7 phone visible: 3.0 seconds', '8 possible call: 16.0 seconds', '9 possible call: 1.0 seconds', '10 phone visible: 1.0 seconds']",False
2026-09-19 19:22:50,False,0,[],|,False,0,[],|,False,Counting flickers... 10.0 seconds remaining.,|,False,0,[],|,False,Counting pitches...,[],|,False,Counting yawns... 71.0 seconds remaining.,[],|,True,11,"['1 possible call: 1.0 seconds', '2 possible call: 1.0 seconds', '3 possible call: 1.0 seconds', '4 phone visible: 2.0 seconds', '5 phone visible: 1.0 seconds', '6 phone visible: 1.0 seconds', '7 phone visible: 3.0 seconds', '8 possible call: 16.0 seconds', '9 possible call: 1.0 seconds', '10 phone visible: 1.0 seconds', '11 possible call: 4.0 seconds']",True
2026-09-19 19:22:59,False,0,[],|,False,0,[],|,True,2,|,False,0,[],|,False,Counting pitches...,[],|,False,Counting yawns... 61.0 seconds remaining.,[],|,False,0,[],False
2026-09-19 19:25:19,False,0,[],|,False,0,[],|,False,Counting flickers... 12.0 seconds remaining.,|,False,0,[],|,False,Counting pitches...,[],|,False,Counting yawns... 132.0 seconds remaining.,[],|,True,1,['1 phone visible: 1.0 seconds'],False
2026-09-19 19:25:31,False,0,[],|,False,0,[],|,True,0,|,False,0,[],|,False,Counting pitches...,[],|,False,Counting yawns... 120.0 seconds remaining.,[],|,False,0,[],False
2026-09-19 19:25:32,False,0,[],|,False,0,[],|,False,Counting flickers... 59.0 seconds remaining.,|,False,0,[],|,False,Counting pitches...,[],|,False,Counting yawns... 119.0 seconds remaining.,[],|,True,2,"['1 phone visible: 1.0 seconds', '2 phone visible: 1.0 seconds']",False
2026-09-19 19:25:34,False,0,[],|,False,0,[],|,False,Counting flickers... 57.0 seconds remaining.,|,False,0,[],|,False,Counting pitches...,[],|,False,Counting yawns... 117.0 seconds remaining.,[],|,True,3,"['1 phone visible: 1.0 seconds', '2 phone visible: 1.0 seconds', '3 phone visible: 1.0 seconds']",False
2026-09-19 19:25:58,False,0,[],|,False,0,[],|,False,Counting flickers... 33.0 seconds remaining.,|,False,0,[],|,False,Counting pitches...,[],|,False,Counting yawns... 93.0 seconds remaining.,[],|,True,4,"['1 phone visible: 1.0 seconds', '2 phone visible: 1.0 seconds', '3 phone visible: 1.0 seconds', '4 possible call: 1.0 seconds']",True
2026-09-19 19:26:03,False,0,[],|,False,0,[],|,False,Counting flickers... 27.0 seconds remaining.,|,False,0,[],|,False,Counting pitches...,[],|,False,Counting yawns... 88.0 seconds remaining.,[],|,True,5,"['1 phone visible: 1.0 seconds', '2 phone visible: 1.0 seconds', '3 phone visible: 1.0 seconds', '4 possible call: 1.0 seconds', '5 phone visible: 1.0 seconds']",False
2026-09-19 19:26:09,False,0,[],|,False,0,[],|,False,Counting flickers... 22.0 seconds remaining.,|,False,0,[],|,False,Counting pitches...,[],|,False,Counting yawns... 82.0 seconds remaining.,[],|,True,6,"['1 phone visible: 1.0 seconds', '2 phone visible: 1.0 seconds', '3 phone visible: 1.0 seconds', '4 possible call: 1.0 seconds', '5 phone visible: 1.0 seconds', '6 possible call: 1.0 seconds']",True
2026-09-19 19:26:13,False,0,[],|,False,0,[],|,False,Counting flickers... 17.0 seconds remaining.,|,False,0,[],|,False,Counting pitches...,[],|,False,Counting yawns... 78.0 seconds remaining.,[],|,True,7,"['1 phone visible: 1.0 seconds', '2 phone visible: 1.0 seconds', '3 phone visible: 1.0 seconds', '4 possible call: 1.0 seconds', '5 phone visible: 1.0 seconds', '6 possible call: 1.0 seconds', '7 phone visible: 2.0 seconds']",False
2026-09-19 19:28:28,False,0,[],|,False,0,[],|,False,Counting flickers... 45.0 seconds remaining.,|,False,0,[],|,False,Counting pitches...,[],|,False,Counting yawns... 165.0 seconds remaining.,[],|,True,1,['1 phone visible: 1.0 seconds'],False
2026-09-19 19:28:36,False,0,[],|,False,0,[],|,False,Counting flickers... 38.0 seconds remaining.,|,False,0,[],|,False,Counting pitches...,[],|,False,Counting yawns... 158.0 seconds remaining.,[],|,True,2,"['1 phone visible: 1.0 seconds', '2 possible call: 5.0 seconds']",True
2026-09-19 19:28:39,False,0,[],|,False,0,[],|,False,Counting flickers... 35.0 seconds remaining.,|,False,0,[],|,False,Counting pitches...,[],|,False,Counting yawns... 155.0 seconds remaining.,[],|,True,3,"['1 phone visible: 1.0 seconds', '2 possible call: 5.0 seconds', '3 phone visible: 3.0 seconds']",False
2026-09-19 19:31:17,False,0,[],|,False,0,[],|,False,Counting flickers... 28.0 seconds remaining.,|,False,0,[],|,False,Counting pitches...,[],|,False,Counting yawns... 148.0 seconds remaining.,[],|,True,1,['1 phone visible: 2.0 seconds'],False
2026-09-19 19:31:27,False,0,[],|,False,0,[],|,False,Counting flickers... 18.0 seconds remaining.,|,False,0,[],|,False,Counting pitches...,[],|,False,Counting yawns... 138.0 seconds remaining.,[],|,True,2,"['1 phone visible: 2.0 seconds', '2 phone visible: 2.0 seconds']",False
2026-09-19 19:31:30,False,0,[],|,False,0,[],|,False,Counting flickers... 15.0 seconds remaining.,|,False,0,[],|,False,Counting pitches...,[],|,False,Counting yawns... 135.0 seconds remaining.,[],|,True,3,"['1 phone visible: 2.0 seconds', '2 phone visible: 2.0 seconds', '3 phone visible: 1.0 seconds']",False
2026-09-19 19:31:44,False,0,[],|,False,0,[],|,True,0,|,False,0,[],|,False,Counting pitches...,[],|,False,Counting yawns... 120.0 seconds remaining.,[],|,False,0,[],False
2026-09-19 19:31:59,False,0,[],|,False,0,[],|,False,Counting flickers... 45.0 seconds remaining.,|,False,0,[],|,False,Counting pitches...,[],|,False,Counting yawns... 105.0 seconds remaining.,[],|,True,4,"['1 phone visible: 2.0 seconds', '2 phone visible: 2.0 seconds', '3 phone visible: 1.0 seconds', '4 phone visible: 5.0 seconds']",False
